insert into main_sector (id, sector_name, level) values (1, 'Manufacturing', 'one');
insert into main_sector (id, sector_name, level) values (3, 'Other', 'one');
insert into main_sector (id, sector_name, level) values (2, 'Service', 'one');


insert into super_sector (id, sector_name, main_sector_id, level) values (19, 'Construction materials', 1 ,'two');
insert into super_sector (id, sector_name, main_sector_id, level) values (18, 'Electronics and Optics', 1 ,'two');
insert into super_sector (id, sector_name, main_sector_id, level) values (6, 'Food and Beverage', 1 ,'two');
insert into super_sector (id, sector_name, main_sector_id, level) values (13, 'Furniture', 1 ,'two');
insert into super_sector (id, sector_name, main_sector_id, level) values (12, 'Machinery', 1 ,'two');
insert into super_sector (id, sector_name, main_sector_id, level) values (11, 'Metalworking', 1 ,'two');
insert into super_sector (id, sector_name, main_sector_id, level) values (9, 'Plastic and Rubber', 1 ,'two');
insert into super_sector (id, sector_name, main_sector_id, level) values (5, 'Printing', 1 ,'two');
insert into super_sector (id, sector_name, main_sector_id, level) values (7, 'Textile and Clothing', 1 ,'two');
insert into super_sector (id, sector_name, main_sector_id, level) values (8, 'Wood', 1 ,'two');
insert into super_sector (id, sector_name, main_sector_id, level) values (37, 'Creative industries', 3 ,'two');
insert into super_sector (id, sector_name, main_sector_id, level) values (29, 'Energy technology', 3 ,'two');
insert into super_sector (id, sector_name, main_sector_id, level) values (33, 'Environment', 3 ,'two');
insert into super_sector (id, sector_name, main_sector_id, level) values (25, 'Business services', 2 ,'two');
insert into super_sector (id, sector_name, main_sector_id, level) values (35, 'Engineering', 2 ,'two');
insert into super_sector (id, sector_name, main_sector_id, level) values (28, 'Information Technology and Telecommunications', 2 ,'two');
insert into super_sector (id, sector_name, main_sector_id, level) values (22, 'Tourism', 2 ,'two');
insert into super_sector (id, sector_name, main_sector_id, level) values (141, 'Translation services', 2 ,'two');
insert into super_sector (id, sector_name, main_sector_id, level) values (21, 'Transport and Logistics', 2 ,'two');


insert into sub_sector (id, sector_name, super_sector_id, level) values (342, 'Bakery and confectionery products', 6 ,'three');
insert into sub_sector (id, sector_name, super_sector_id, level) values (43, 'Beverages', 6 ,'three');
insert into sub_sector (id, sector_name, super_sector_id, level) values (42, 'Fish and fish products', 6 ,'three');
insert into sub_sector (id, sector_name, super_sector_id, level) values (40, 'Meat and meat products', 6 ,'three');
insert into sub_sector (id, sector_name, super_sector_id, level) values (39, 'Milk and dairy products', 6 ,'three');
insert into sub_sector (id, sector_name, super_sector_id, level) values (437, 'Other', 6 ,'three');
insert into sub_sector (id, sector_name, super_sector_id, level) values (378, 'Sweets and snack food', 6 ,'three');
insert into sub_sector (id, sector_name, super_sector_id, level) values (389, 'Bathroom/sauna', 13 ,'three');	
insert into sub_sector (id, sector_name, super_sector_id, level) values (385, 'Bedroom', 13 ,'three');	
insert into sub_sector (id, sector_name, super_sector_id, level) values (390, 'Children''s room', 13 ,'three');	
insert into sub_sector (id, sector_name, super_sector_id, level) values (98, 'Kitchen', 13 ,'three');	
insert into sub_sector (id, sector_name, super_sector_id, level) values (101, 'Living room', 13 ,'three');	
insert into sub_sector (id, sector_name, super_sector_id, level) values (392, 'Office', 13 ,'three');	
insert into sub_sector (id, sector_name, super_sector_id, level) values (394, 'Other (Furniture)', 13 ,'three');	
insert into sub_sector (id, sector_name, super_sector_id, level) values (341, 'Outdoor', 13 ,'three');	
insert into sub_sector (id, sector_name, super_sector_id, level) values (99, 'Project furniture', 13 ,'three');
insert into sub_sector (id, sector_name, super_sector_id, level) values (94, 'Machinery components', 12 ,'three');	
insert into sub_sector (id, sector_name, super_sector_id, level) values (91, 'Machinery equipment/tools', 12 ,'three');	
insert into sub_sector (id, sector_name, super_sector_id, level) values (224, 'Manufacture of machinery', 12 ,'three');	
insert into sub_sector (id, sector_name, super_sector_id, level) values (97, 'Maritime', 12 ,'three');	
insert into sub_sector (id, sector_name, super_sector_id, level) values (93, 'Metal structures', 12 ,'three');
insert into sub_sector (id, sector_name, super_sector_id, level) values (508, 'Other', 12 ,'three');	
insert into sub_sector (id, sector_name, super_sector_id, level) values (227, 'Repair and maintenance service', 12 ,'three');				
insert into sub_sector (id, sector_name, super_sector_id, level) values (67, 'Construction of metal structures', 11 ,'three');	
insert into sub_sector (id, sector_name, super_sector_id, level) values (263, 'Houses and buildings', 11 ,'three');	
insert into sub_sector (id, sector_name, super_sector_id, level) values (267, 'Metal products', 11 ,'three');
insert into sub_sector (id, sector_name, super_sector_id, level) values (542, 'Metal works', 11 ,'three');	
insert into sub_sector (id, sector_name, super_sector_id, level) values (54, 'Packaging', 9 ,'three');	
insert into sub_sector (id, sector_name, super_sector_id, level) values (556, 'Plastic goods', 9 ,'three');	
insert into sub_sector (id, sector_name, super_sector_id, level) values (559, 'Plastic processing technology', 9 ,'three');
insert into sub_sector (id, sector_name, super_sector_id, level) values (560, 'Plastic profiles', 9 ,'three');	
insert into sub_sector (id, sector_name, super_sector_id, level) values (148, 'Advertising', 5 ,'three');	
insert into sub_sector (id, sector_name, super_sector_id, level) values (150, 'Book/Periodicals printing', 5 ,'three');
insert into sub_sector (id, sector_name, super_sector_id, level) values (145, 'Labelling and packaging printing', 5 ,'three');	
insert into sub_sector (id, sector_name, super_sector_id, level) values (44, 'Clothing', 7 ,'three');
insert into sub_sector (id, sector_name, super_sector_id, level) values (45, 'Textile', 7 ,'three');	
insert into sub_sector (id, sector_name, super_sector_id, level) values (337, 'Other (Wood)', 8 ,'three');	
insert into sub_sector (id, sector_name, super_sector_id, level) values (51, 'Wooden building materials', 8 ,'three');
insert into sub_sector (id, sector_name, super_sector_id, level) values (47, 'Wooden houses', 8 ,'three');
insert into sub_sector (id, sector_name, super_sector_id, level) values (581, 'Data processing, Web portals, E-marketing', 28 ,'three');	
insert into sub_sector (id, sector_name, super_sector_id, level) values (576, 'Programming, Consultancy', 28 ,'three');	
insert into sub_sector (id, sector_name, super_sector_id, level) values (121, 'Software, Hardware', 28 ,'three');
insert into sub_sector (id, sector_name, super_sector_id, level) values (122, 'Telecommunications', 28 ,'three');
insert into sub_sector (id, sector_name, super_sector_id, level) values (111, 'Air', 21 ,'three');	
insert into sub_sector (id, sector_name, super_sector_id, level) values (114, 'Rail', 21 ,'three');	
insert into sub_sector (id, sector_name, super_sector_id, level) values (112, 'Road', 21 ,'three');
insert into sub_sector (id, sector_name, super_sector_id, level) values (113, 'Water', 21 ,'three');

insert into micro_sector (id, sector_name, sub_sector_id, level) values (271, 'Aluminium and steel workboats', 97 ,'four');
insert into micro_sector (id, sector_name, sub_sector_id, level) values (269, 'Boat/Yacht building', 97 ,'four');
insert into micro_sector (id, sector_name, sub_sector_id, level) values (230, 'Ship repair and conversion', 97 ,'four');		
insert into micro_sector (id, sector_name, sub_sector_id, level) values (75, 'CNC-machining', 542 ,'four');
insert into micro_sector (id, sector_name, sub_sector_id, level) values (62, 'Forgings, Fasteners', 542 ,'four');
insert into micro_sector (id, sector_name, sub_sector_id, level) values (69, 'Gas, Plasma, Laser cutting', 542 ,'four');
insert into micro_sector (id, sector_name, sub_sector_id, level) values (66, 'MIG, TIG, Aluminum welding', 542 ,'four');			
insert into micro_sector (id, sector_name, sub_sector_id, level) values (55, 'Blowing', 559 ,'four');
insert into micro_sector (id, sector_name, sub_sector_id, level) values (57, 'Moulding', 559 ,'four');
insert into micro_sector (id, sector_name, sub_sector_id, level) values (53, 'Plastics welding and processing', 559 ,'four');					